{
  "Ads": {
    "AdMob": {
      "activated": true,
      "banner": "ca-app-pub-3940256099942544/6300978111",
      "native": "ca-app-pub-3940256099942544/2247696110",
      "interstitial": "ca-app-pub-3940256099942544/1033173712"
    },
    "FAN": {
      "activated": false,
      "banner": "IMG_16_9_APP_INSTALL#YOUR_PLACEMENT_ID",
      "native": "IMG_16_9_APP_INSTALL#YOUR_PLACEMENT_ID",
      "interstitial": "IMG_16_9_APP_INSTALL#YOUR_PLACEMENT_ID"
    },
    "ironSource": {
      "activated": false,
      "app_key": "85460dcd"
    },
    "Yandex": {
      "interstitial": "R-M-DEMO-240x400-context"
    }
  },
  "Config": {
    "app_version": "1.0",
    "package_name": "com.devat.guide1",
    "rattingIsEnabled": true
  },
  "Privacy": {
    "isEnabled": true,
    "title": "Privacy Policy",
    "message": "Privacy Policy Message",
    "url": "https://termly.io/privacy-policy/"
  },
  "GuideContent": [
    {
      "title": "Article 1",
      "description": "All human beings are born free and equal in dignity and rights. They are endowed with reason and conscience and should act towards one another in a spirit of brotherhood."
    },
    {
      "title": "Article 2",
      "description": "Everyone is entitled to all the rights and freedoms set forth in this Declaration, without distinction of any kind, such as race, colour, sex, language, religion, political or other opinion, national or social origin, property, birth or other status."
    },
    {
      "title": "Article 3",
      "description": "All are equal before the law and are entitled without any discrimination to equal protection of the law. All are entitled to equal protection against any discrimination in violation of this Declaration and against any incitement to such discrimination."
    }
  ]
}